Name,Gender,Attendence,Endtermmarks
Subhajit,M,80,70
Soumik,M,100,90
Kartick,M,90,85
Sushmita,F,100,95
Sheryl,F,100,80
Geo,M,90,75
Nancy,F,100,98
Tulsi,F,100,100
Safina,F,100,96
Amruta,F,100,95
Arnab,M,90,80
Kushal,M,100,90
Rahul,M,90,70
Chandan,M,100,100
Manoj,M,100,90
Archana,F,100,90
Rashmi,F,80,70
Samina,F,100,90
Amjad,M,90,75
Palvit,M,100,98
Raghu,M,100,86
Sachi,M,100,98
Manisha,F,100,85
Vishal,M,90,90
Sravan,M,90,100
Anil,M,80,78
Sajan,M,100,65
Anand,M,100,90
Pawan,M,90,60
Vivek,M,100,95
